<?xml version="1.0" encoding="UTF-8"?>
<!DOCTYPE generatorConfiguration PUBLIC "-//mybatis.org//DTD MyBatis Generator Configuration 1.0//EN"
        "http://mybatis.org/dtd/mybatis-generator-config_1_0.dtd">
<generatorConfiguration>

    <classPathEntry location="C:/Users/Lenovo/.m2/repository/com/mysql/mysql-connector-j/8.3.0/mysql-connector-j-8.3.0.jar"/>

    <!-- 定义一个数据库连接的环境 -->
    <context id="Default" targetRuntime="MyBatis3">

        <!-- 插件配置 -->
        <plugin type="org.mybatis.generator.plugins.SerializablePlugin"/>

        <!-- 数据库连接配置 -->
        <jdbcConnection driverClass="com.mysql.cj.jdbc.Driver"
                        connectionURL="jdbc:mysql://localhost:3306/wjx?useSSL=false&amp;serverTimezone=UTC"
                        userId="root"
                        password="helloworld">
            <!--识别主键-->
            <property name="useInformationSchema" value="true"/>
        </jdbcConnection>

        <!-- 默认false，把JDBC DECIMAL 和 NUMERIC 类型解析为 Integer -->
        <javaTypeResolver>
            <property name="forceBigDecimals" value="false"/>
        </javaTypeResolver>

        <!-- 实体类生成位置 -->
        <javaModelGenerator targetPackage="com.example.backend.entity" targetProject="src/main/java">
            <property name="enableSubPackages" value="false"/>
            <property name="trimStrings" value="true"/>
        </javaModelGenerator>

        <!-- Mapper XML 文件生成位置 -->
        <sqlMapGenerator targetPackage="mybatis" targetProject="src/main/resources">
            <property name="enableSubPackages" value="true"/>
        </sqlMapGenerator>

        <!-- Mapper 接口生成位置 -->
        <javaClientGenerator type="XMLMAPPER" targetPackage="com.example.backend.mapper" targetProject="src/main/java">
            <property name="enableSubPackages" value="true"/>
        </javaClientGenerator>

        <!-- 指定数据库表 -->
        <table tableName="surveys" domainObjectName="Survey">
            <property name="useActualColumnNames" value="false"/>
            <generatedKey column="id" sqlStatement="Mysql" identity="true"/>
        </table>
<!--        <table tableName="questions" domainObjectName="Question">-->
<!--            <generatedKey column="id" sqlStatement="Mysql" identity="true"/>-->
<!--        </table>-->
<!--        <table tableName="options" domainObjectName="Option">-->
<!--            <generatedKey column="id" sqlStatement="Mysql" identity="true"/>-->
<!--        </table>-->
<!--        <table tableName="responses" domainObjectName="Response">-->
<!--            <generatedKey column="id" sqlStatement="Mysql" identity="true"/>-->
<!--        </table>-->
<!--        <table tableName="users" domainObjectName="User" catalog="wjx">-->
<!--            <generatedKey column="id" sqlStatement="Mysql" identity="true"/>-->
<!--        </table>-->

    </context>
</generatorConfiguration>
